key,rankings
282N00000X,"[(1598773715, 0.0), (1144645573, 0.0), (1508058009, 0.000937142168555759), (1538100029, 0.0006367652249242791), (1609831247, 0.04163437135268837), (1841271459, 0.0008995697553970045), (1003864810, 0.001525780556110326), (1033210166, 0.00038453770366681466), (1124025176, 0.0013497078625628084), (1124272547, 0.00036703974573289026), (1164539730, 0.0007348762904175963), (1184670549, 0.12599136074621115), (1265577191, 0.001068367367358385), (1376521575, 0.0007874894130420904), (1497859649, 0.0012089797973495805), (1508956509, 0.0005070739996139248), (1548306343, 0.008845263357307486), (1548375082, 0.00040203746840108333), (1598768780, 0.00038453770366681466), (1609817220, 0.016827020694089274), (1629026364, 0.00034954359459931007), (1770531600, 0.0023203435925001695), (1831151257, 0.00040203746840108333), (1932213600, 0.000577134489762704), (1336144732, 6.218284064783343e-05), (1407854771, 4.935817180432106e-05), (1467493551, 0.00016297790805253938), (1497792568, 3.688763582828241e-05), (1811971302, 5.8482513542801965e-05), (1912954553, 0.0004670325937847476), (1144249657, 0.006585079892469759), (1265422901, 0.0021168337323249882), (1265449870, 0.004675594567651319), (1285667493, 0.0004590365988612531), (1821007881, 0.0006957193133569314), (1972689172, 8.853321686842858e-06), (1477531580, 0.0018269434578915564), (1154415024, 1.9802531773019944e-05), (1629027578, 1.0533646006998748e-05), (1285681908, 0.00039659177216350285), (1649367269, 0.0007830094515885134), (1700978558, 0.029400192867083428), (1013933175, 0.00028984691122516966), (1164400131, 5.5526588179603e-05), (1568459287, 0.00039001592231059174), (1669405072, 0.0030942901335619067), (1902803315, 3.121518614749809e-05), (1295761963, 2.9758001669857526e-05), (1104906569, 0.00010199026583242972), (1205845567, 2.8027086940062535e-05), (1316027709, 0.00010084204421365653), (1568493641, 4.301088219495801e-05), (1134166192, 1.915208364908863e-06), (1134186315, 0.0002580698101706087), (1497798847, 0.005904106780122454), (1154373843, 0.002181863186915193), (1154432458, 0.014429093998207023), (1174500458, 0.032207647122193865), (1235183328, 0.0005794273193995619), (1699756221, 0.0021424541612065045), (1417965559, 3.089086548570456e-05), (1013071653, 7.154206643106731e-05), (1073519443, 0.007656082478130238), (1174512792, 0.001075783379371374), (1184722779, 0.0013142132697999455), (1194706655, 0.0006951411372467702), (1265820179, 0.0015371146146698292), (1407839921, 0.0002208018428698609), (1467537506, 0.0009011931655063164), (1558759498, 0.001330123050231271), (1790860856, 0.0010440234429200835), (1861409823, 0.025800347349596943), (1578554630, 0.00026469715383333105), (1437186111, 0.00019042772228261285), (1356390264, 0.0003104534691513825), (1467560599, 0.00022420404791809049), (1487694857, 0.0008097934598917295), (1710918545, 0.00014376529659191825), (1811946734, 0.0001544669750309326), (1972541498, 0.00018125279013449287), (1144274879, 0.00010418010784966515), (1265419907, 3.517840270261846e-05), (1376529743, 8.514365942260874e-05), (1578704938, 6.199854701271956e-05), (1902894512, 0.00017819387715167144), (1780614685, 8.582301635204812e-06), (1013010917, 0.001289106875616369), (1225133473, 0.0003848647345291246), (1255419651, 0.00038129811064956787), (1275583726, 0.00018098719048388758), (1346247368, 8.815198199579107e-05), (1629069638, 0.00019485257632569005), (1962409987, 0.00016715071344759316), (1679525919, 7.870422299568876e-06), (1023049236, 0.0002475813341722163), (1134227606, 0.0022923011477571807), (1174618953, 0.0009053469994977556), (1427360981, 0.0003629789619591802), (1548202641, 0.00017981909406132758), (1578677811, 0.0001461114268389316), (1639101751, 0.00010413945484191943), (1790717650, 0.00024333264316270383), (1851333686, 0.00015452750284246507), (1043240682, 0.0003914541353846176), (1477549756, 0.0002251607487003728), (1497790042, 0.00026986098921720795), (1558653212, 0.00018508501366465484), (1780684431, 0.0005464450825153837)]"
207R00000X,"[(1003000126, 0.20692757479756607), (1083894604, 0.0008995697553970045), (1093786436, 0.001501595630102319), (1093886657, 0.006732186866298374), (1104121193, 0.003794730616218373), (1114951662, 0.0008432246866614546), (1134120231, 0.0013132637962190402), (1174523823, 0.01309230114450494), (1245417401, 0.00043052438602875844), (1265710065, 0.002143275351962968), (1326246349, 0.0046351565691465785), (1538241153, 0.002768079558608288), (1548383086, 0.000580496041803188), (1578654935, 0.0031097111745001117), (1598929176, 0.0023702492248087992), (1619105962, 0.003166706691359593), (1639139413, 0.0006742870476733946), (1669605341, 0.005575202265855553), (1679724801, 0.005806078827444972), (1689677908, 0.0008807862590181437), (1710186291, 0.0020487796939585023), (1780879742, 0.0015204387508925402), (1790857688, 0.002010994078359126), (1821098203, 0.000862004569439627), (1851477152, 0.001068702528822244), (1861699696, 0.004214506346999166), (1962766006, 0.0014450771085337208), (1972698611, 0.0010311048204586699), (1174555742, 0.0006998099093363216), (1578540985, 0.0005245864119506031), (1588605745, 0.00038453770366681466), (1760431076, 0.0004545476034059549), (1790884401, 0.00040203746840108333), (1215105267, 0.0012337781320744619), (1235179540, 0.0010832861178008872), (1295765030, 0.0020788069088796537), (1699767244, 0.0006458371694527767), (1881689297, 0.001158499602531478), (1902109762, 0.0018257103166566032), (1952307886, 0.0006832460671803764), (1265605836, 0.000253833766763506), (1518088111, 0.0012050012229915341), (1649292020, 0.000253833766763506), (1003000530, 0.004034921233582419), (1700876653, 0.00012111344067601031), (1184667107, 9.162284545710231e-06), (1578555249, 2.257597030144929e-05), (1750338364, 2.2088134208500805e-05), (1043249949, 0.0016708142265439104), (1225060833, 0.0016969550139245722), (1336364264, 0.001097545386117737), (1679606867, 0.0014358723641799205), (1699707281, 0.002708870711327096), (1730381252, 0.000876991978295211), (1750547881, 0.0016316165964754996), (1760463491, 0.0011755124345729704), (1922234657, 0.0053058679589386955), (1013154400, 0.0025927051933938247), (1093798720, 0.0002839531285022143), (1225021587, 0.0025445530608192925), (1235295643, 0.0005210279186725956), (1245303122, 0.00033133556413009397), (1275519175, 0.002416226873169022), (1326075292, 0.0010916660577975357), (1437117959, 0.0027211903794743895), (1447290168, 0.0010440234429200835), (1699976415, 0.003543001771855922), (1700844222, 0.004548395823415863), (1760479786, 0.0010281461848949546), (1841357118, 0.0007902041305593314), (1881687499, 0.0010440234429200835), (1891964904, 0.0032040397034727337), (1063520120, 0.0005829641310734384), (1134121049, 0.0015432875480459718), (1154422442, 0.00014911523241125329), (1205174505, 0.0009776903818814993), (1225155773, 0.00046250294532170367), (1235236316, 0.0005390588827080748), (1255345112, 0.0006600765629658397), (1407005168, 0.0006932331560832384), (1457334062, 0.00040260028670831836), (1457537649, 0.0003158594157813894), (1508929290, 0.0003104534691513825), (1528391034, 0.0003483330383686601), (1558322347, 0.00035917203363383774), (1598846743, 0.00040803694894417754), (1659450047, 0.00028345083800651176), (1912011503, 0.00027266243315097327), (1952459869, 0.0017240344340840735), (1982817755, 0.00025649337687024736), (1750358990, 7.812424008518334e-05), (1184898918, 0.00010524431325243054), (1922037472, 0.000275139556422945), (1003002312, 0.014157224750407177), (1003002379, 0.10475975921230739), (1003012618, 0.0005752662582067458), (1225204886, 0.09170520664399477), (1396902862, 0.0014073601513474258), (1831136324, 0.0046776570302442845), (1831187657, 0.0013399041638948882)]"
207RP1001X,"[(1003951625, 0.002768079558608288), (1306808159, 0.0030717231972621785), (1336271667, 0.0028439471050634986), (1750343505, 0.002181086262767164), (1144249657, 0.006585079892469759), (1215105267, 0.0012337781320744619), (1801862693, 0.004610427796234951), (1265605836, 0.000253833766763506), (1497794648, 0.0009358286247054867), (1568464006, 0.0007753874643362794), (1578727343, 0.0003890619317288258), (1699777128, 0.001476387151699292), (1801878806, 0.00031447811691820746), (1124227020, 0.0042669622779937105), (1932360963, 0.00289400631540139), (1093757445, 0.00023495993036743245), (1174625396, 0.0003537516326010768), (1225155773, 0.00046250294532170367), (1275752677, 0.0003212671692117405), (1558322347, 0.00035917203363383774), (1982817755, 0.00025649337687024736), (1417983461, 0.0002681201370855196), (1124119144, 0.018835914367048203), (1437478138, 0.0021161055917862538)]"
363A00000X,"[(1003975400, 0.000711816097623887), (1033469317, 0.0008244466106836266), (1376961847, 0.0007305833327996496), (1417082173, 0.000524243119885195), (1508058009, 0.000937142168555759), (1518071950, 0.000524243119885195), (1356695936, 0.00465423367058138), (1598023939, 0.0037954686941590004), (1144249657, 0.006585079892469759), (1003000738, 9.785630664477739e-06), (1003251562, 0.0003472173391560835), (1801175070, 0.0002839531285022143), (1871770081, 0.00029974546691116324), (1194056531, 6.428053584751191e-05), (1568501054, 0.0038644523313026043), (1023416906, 0.0013233836849472049), (1275872384, 0.0014855918960530923), (1871826958, 0.006206026731247927)]"
293D00000X,"[(1013051119, 0.0005617432610301793), (1255367843, 0.0006311090364465932), (1427320399, 0.0015924352276101873)]"
207L00000X,"[(1013902600, 0.0005429922870575151), (1184710931, 0.00043052438602875844), (1245260777, 0.0008807862590181437), (1255393286, 0.0009935143392964729), (1760560767, 0.0007681232235522077), (1760701460, 0.0012379816530753679), (1801124870, 0.0006180070237502378), (1831117290, 0.0007305833327996496), (1003000142, 0.0006352971996445731), (1326136730, 0.000620906938302765), (1003000704, 3.052137481530469e-05), (1326018193, 0.0017492582702900265), (1932360963, 0.00289400631540139), (1952381147, 0.0001927359097223969), (1396717021, 8.815198199579107e-05), (1598784753, 8.815198199579107e-05)]"
367500000X,"[(1023029964, 0.00033685082218092824), (1144536327, 0.0005054957595132191), (1386071876, 0.00043052438602875844), (1417234493, 0.0007493523747757565), (1568626661, 0.0004680064591703003), (1699909051, 0.0004867502059415876), (1750312633, 0.0005054957595132191), (1902072036, 0.0004492645191993572), (1003859927, 0.0006698892956354813), (1154349561, 0.00032145236624702653), (1174500458, 0.032207647122193865), (1245584051, 0.0003472173391560835), (1881634699, 0.00023133187527617113), (1962740944, 0.00016701430002160201)]"
207P00000X,"[(1053306746, 0.0011627284187372036), (1114951662, 0.0008432246866614546), (1295832814, 0.0009747218089158907), (1316177728, 0.00041178605965850386), (1437296969, 0.0010499027712402849), (1477580660, 0.001501595630102319), (1497976112, 0.0005054957595132191), (1578510897, 0.000786895879129003), (1619931532, 0.0018788013379721523), (1649484890, 0.00039304954008859356), (1952627523, 0.0005617432610301793), (1144249657, 0.006585079892469759), (1164423364, 0.001472589257375671), (1295764579, 0.00137195770540212), (1326058629, 0.003149704700120166), (1336185040, 0.002701947955808088), (1417188491, 0.001033179930654045), (1720151798, 0.0005710681576068724), (1740373729, 0.0022183180940610267), (1922098151, 0.0029191533625927122), (1952443848, 0.0018004404070418717), (1255367892, 1.0038582712673249e-05), (1285924597, 0.00016931977726086968), (1609965490, 0.00013923926172956287), (1790848190, 0.00014196482004886948), (1932298791, 0.00010937736903991075), (1023255858, 0.0005277745111580387), (1083610976, 0.000282818457886023), (1417065467, 0.0013967723013300994), (1548235757, 0.008193695017162737), (1619080165, 0.0004245556210915165), (1821040072, 0.0009677448493865552), (1063414753, 0.0009963970892457295), (1174507370, 0.0005368473590867084), (1275646333, 0.0017124998206863584), (1285619924, 0.0006951411372467702), (1326087925, 0.0006793036288292149), (1376791269, 0.0008694729786625995), (1497865364, 0.001075783379371374), (1538368246, 0.00034713332294007573), (1548204233, 0.0012664947693080348), (1578526026, 0.0012505922160780862), (1669575643, 0.000600143188746602), (1679739288, 0.0006634679272120038), (1790748234, 0.0007109804524646697), (1861413700, 0.0005684916603159667), (1881617025, 0.0009170559691286913)]"
363L00000X,"[(1063471134, 0.0004680064591703003), (1811942147, 0.001125112642370187), (1902983687, 0.002181086262767164), (1144249657, 0.006585079892469759), (1003000720, 0.00011423133816474817), (1427064971, 0.0014749886882328399), (1124079702, 0.00037873426096107196), (1164735007, 3.363539520862585e-05), (1639101751, 0.00010413945484191943)]"
363LP0808X,"[(1063471134, 0.0004680064591703003), (1467426254, 0.0025785371684943596), (1578822680, 0.0005210279186725956)]"
208M00000X,"[(1083894604, 0.0008995697553970045), (1104121193, 0.003794730616218373), (1245417401, 0.00043052438602875844), (1265710065, 0.002143275351962968), (1326246349, 0.0046351565691465785), (1548383086, 0.000580496041803188), (1619105962, 0.003166706691359593), (1780642090, 0.002294562358388014), (1861699696, 0.004214506346999166), (1972698611, 0.0010311048204586699), (1528260981, 0.001949092195164824), (1003000407, 0.0978017421777811), (1144249657, 0.006585079892469759), (1134418668, 1.637503151997078e-05), (1093042178, 0.0014489093320638826), (1336364264, 0.001097545386117737), (1750547881, 0.0016316165964754996), (1922234657, 0.0053058679589386955), (1063520120, 0.0005829641310734384), (1154422442, 0.00014911523241125329), (1154524395, 0.00021882881689393592), (1225155773, 0.00046250294532170367), (1235236316, 0.0005390588827080748), (1407005168, 0.0006932331560832384), (1508929290, 0.0003104534691513825), (1528391034, 0.0003483330383686601), (1558322347, 0.00035917203363383774), (1962540575, 0.00019734596080076008), (1831136324, 0.0046776570302442845)]"
207Q00000X,"[(1093714057, 0.0005617432610301793), (1225034853, 0.0014074071281563764), (1407858335, 0.0023702492248087992), (1639156938, 0.00621073886654574), (1528260981, 0.001949092195164824), (1003000407, 0.0978017421777811), (1083601595, 0.0008705344738648485), (1083762876, 0.0007456303660665941), (1093791246, 0.000733149892688662), (1104806470, 0.003252359868479281), (1174518237, 0.0006458371694527767), (1366431553, 0.005882725104848556), (1477693653, 0.000658304995228299), (1598875148, 0.004415198502037484), (1639394034, 0.0017246740414059395), (1659538668, 0.004480229763428033), (1669441127, 0.0011835852185110955), (1740373729, 0.0022183180940610267), (1780614511, 0.0009080409388110377), (1922098151, 0.0029191533625927122), (1932169828, 0.003355130672060428), (1982990115, 0.0008705344738648485), (1104882604, 6.74053970428986e-05), (1336172626, 0.0019388765460184138), (1497976526, 0.006981414195584206), (1124087325, 0.0002294347349147048), (1003000902, 0.00696067483783269), (1093042178, 0.0014489093320638826), (1104011386, 0.002352823538888645), (1104858489, 0.0005277745111580387), (1134138167, 0.0006569607357721743), (1154353787, 0.005129716669576202), (1255525820, 0.00325205361582093), (1306043096, 0.009174010679944437), (1508898727, 0.005523088723526246), (1548235757, 0.008193695017162737), (1609197623, 0.0013707146267652735), (1679573422, 0.0024581816805627635), (1972535342, 0.004940356766297043), (1114022936, 5.701539166326801e-05), (1447286158, 1.9034641626712147e-05), (1003001256, 0.0005212546721157994), (1245210319, 6.393363018141522e-05), (1346431061, 3.471766861483378e-05), (1932425956, 6.043747151528441e-05), (1043420029, 0.000457768225019587), (1083771489, 0.0044345357827218585), (1134303472, 0.0007743557813397106), (1306007042, 0.0009805252516216334), (1306917661, 0.0014893202285634597), (1366517716, 0.005364256518863596), (1518901727, 0.0004103424261834452), (1619935137, 0.0012983052961689644), (1689693962, 0.0013619480314949546), (1720074313, 0.0016805953402075275), (1891753315, 0.0017603700924071865), (1891964904, 0.0032040397034727337), (1093712960, 0.000805751647521634), (1437100898, 0.0004461441750048312), (1962540575, 0.00019734596080076008), (1003001884, 0.0005130545087534043)]"
363LA2200X,"[(1093769127, 0.0011627284187372036), (1134478324, 0.003147706378939421), (1407894363, 0.0006742870476733946)]"
207RC0000X,"[(1093786436, 0.001501595630102319), (1568409415, 0.004405602585409153), (1609846476, 0.001992103980759954), (1023104247, 0.0004895633940775905), (1144307729, 0.00038453770366681466), (1316147788, 0.0002970659820006351), (1427076058, 0.00027957705806843194), (1568559458, 0.0005070739996139248), (1588605745, 0.00038453770366681466), (1669629887, 0.0003145567127331825), (1740257963, 0.0005070739996139248), (1437155363, 0.0008955369770286304), (1659686970, 0.0006832460671803764), (1710144100, 0.0006707746278041655), (1801043146, 0.0033165780697149163), (1861501702, 0.009732991343248253), (1952307886, 0.0006832460671803764), (1871683557, 2.6941199933166094e-05), (1275639544, 0.0008211464898548473), (1427154756, 0.0007220841439802805), (1710084199, 0.0005021992522851284), (1710945761, 0.0023437235889548114), (1851497242, 0.0010278670342417674), (1215140892, 0.0001277615625426916), (1447475082, 0.00014780349536132513), (1568557965, 7.068473966771895e-05), (1619127362, 9.030388120579715e-05), (1649288416, 6.693291875287626e-06), (1598795429, 1.383647703629441e-05), (1629048012, 1.987480378679009e-05), (1134229198, 1.0479441996671138e-05), (1174511216, 7.003158134327126e-06), (1649295056, 0.00010127115929541678), (1679586705, 0.00034581074508808205), (1003000936, 0.1038758146662875), (1003854464, 0.01312552639603542), (1053340935, 0.0016969550139245722), (1063696011, 0.0016316165964754996), (1205035516, 0.001657746543054096), (1205920709, 0.0006698892956354813), (1285691931, 0.0009158752251037216), (1336364264, 0.001097545386117737), (1417995259, 0.0011755124345729704), (1902847494, 0.0021030613967009146), (1851319560, 9.892231884788704e-06), (1275519175, 0.002416226873169022), (1487632659, 0.00031553961212045647), (1649224387, 0.006547031387420294), (1982648606, 0.001457466338494268), (1417117581, 0.00041347541798038105), (1467524520, 0.0004189156938169288), (1730307851, 0.00016517588067132394), (1841243532, 0.00014376529659191825), (1023170388, 1.8928943806573306e-05), (1245235050, 9.498349409741409e-05), (1285639088, 6.429860385095446e-05), (1801909759, 0.0001671651678503472), (1558653212, 0.00018508501366465484)]"
207RI0011X,"[(1093786436, 0.001501595630102319), (1609846476, 0.001992103980759954), (1437155363, 0.0008955369770286304), (1659686970, 0.0006832460671803764), (1952307886, 0.0006832460671803764), (1033102900, 1.383647703629441e-05), (1326073586, 0.00010127115929541678), (1063696011, 0.0016316165964754996), (1205920709, 0.0006698892956354813), (1285691931, 0.0009158752251037216), (1336364264, 0.001097545386117737), (1477612877, 0.005626285931988636), (1417117581, 0.00041347541798038105), (1467524520, 0.0004189156938169288), (1841243532, 0.00014376529659191825)]"
207RH0003X,"[(1093893331, 0.0046925857180886805), (1023123288, 0.0007902041305593314), (1386955383, 0.0011234368350508917), (1437398591, 0.0014733923801286916), (1558474437, 0.0009646552207978814), (1871587113, 0.0005224489671433511)]"
208600000X,"[(1134111743, 0.0016146814568488103), (1316142656, 0.0008244466106836266), (1740365584, 0.0009747218089158907), (1740507433, 0.000786895879129003), (1851393565, 0.0009183550585762097), (1891754370, 0.0017089693328136866), (1023122595, 0.0008225738621268076), (1144249657, 0.006585079892469759), (1295985794, 0.0029319464124302), (1417188491, 0.001033179930654045), (1003000480, 0.0016509719451633167), (1265579528, 3.547652475942031e-05), (1487700068, 2.377026532900095e-05), (1003000639, 4.3210533632998034e-05), (1326078890, 0.0030794960523431577), (1679500375, 0.0013186209592397522), (1700863404, 0.001097545386117737), (1205845807, 0.0004893944582454028), (1720074313, 0.0016805953402075275), (1700880267, 0.0009159393665159425), (1316030927, 0.0019014974604964945), (1649364696, 0.0015425377259031066)]"
208G00000X,"[(1134111743, 0.0016146814568488103), (1144249657, 0.006585079892469759)]"
363AM0700X,"[(1154512556, 0.0004680064591703003), (1417082173, 0.000524243119885195), (1083711055, 0.0009103166038446252), (1740512466, 0.00037873426096107196)]"
174400000X,"[(1174526446, 0.002957802628756642), (1255334900, 0.0008244466106836266), (1306849492, 0.0011627284187372036), (1467405514, 0.0026732857785470208), (1477580660, 0.001501595630102319), (1568409415, 0.004405602585409153), (1710933148, 0.0027301566261827485), (1770561979, 0.001633535418441097), (1770587313, 0.00574833529524297), (1184619785, 0.01413000259302048), (1316036825, 0.00020963943034306188), (1457339863, 0.009672917942002335), (1649257163, 0.000227121127073888), (1710943220, 0.0002970659820006351), (1902837115, 0.0009664791857454055), (1336162486, 3.421718491947552e-05), (1184667107, 9.162284545710231e-06), (1053336701, 0.000457768225019587), (1245371814, 0.0009170559691286913), (1609962026, 0.0008219062493996059), (1720074313, 0.0016805953402075275), (1891722120, 0.0051353602104514786), (1023034774, 0.00017060712250615038), (1053399170, 6.429860385095446e-05), (1174520936, 0.00010524431325243054), (1174525604, 0.0002681201370855196), (1952357543, 0.0002017961100486568), (1982650644, 9.156683464643046e-05), (1003002312, 0.014157224750407177)]"
261QE0700X,"[(1174667802, 0.001125112642370187)]"
246Q00000X,"[(1184735318, 0.001463914808922909), (1376654590, 0.0010499027712402849), (1578674792, 0.000711816097623887), (1902917131, 0.0008995697553970045)]"
208800000X,"[(1194950444, 0.0007493523747757565), (1386750057, 0.0007681232235522077), (1811005820, 0.00029939404424420593), (1881700540, 0.0017655637399967437), (1821018185, 0.000577134489762704), (1437125986, 0.0015733364445712542), (1073564910, 0.00041919213426959954), (1588614374, 0.0005551357921712438), (1033289673, 0.000618185896984319), (1386674000, 0.006679028993370088), (1093712960, 0.000805751647521634), (1003002072, 0.00707863631530815), (1528088861, 0.00011895070066393868), (1679527188, 0.0018327622584002252), (1720015183, 8.473893614549593e-05), (1881844736, 0.0003209419451497749), (1275508897, 0.000180641188217963), (1275508939, 0.0005418567130411516), (1578538229, 0.0001274562132845127), (1578538963, 0.0003372501250570083)]"
208D00000X,"[(1225033863, 0.0006367652249242791), (1417188491, 0.001033179930654045), (1275646333, 0.0017124998206863584), (1619091998, 0.002978507657301617), (1720074313, 0.0016805953402075275), (1174772545, 0.0033273204011616763), (1003002510, 0.01569437008068286), (1144431883, 0.0001230358762422962)]"
207RN0300X,"[(1245284355, 0.005229375259564373), (1437199379, 0.00859689154798466), (1497913651, 0.005306175114997218), (1538263082, 0.001482754316112442), (1316983729, 0.0006569607357721743), (1730381252, 0.000876991978295211), (1760463491, 0.0011755124345729704), (1063497220, 0.0019999653690578015), (1063497691, 0.0023521071425521485), (1225287378, 0.0014415421036601884), (1700844222, 0.004548395823415863), (1104014596, 0.0005939585111682218), (1255345112, 0.0006600765629658397), (1952459869, 0.0017240344340840735), (1508801390, 9.498349409741409e-05), (1902842057, 5.749961415552798e-05), (1396902862, 0.0014073601513474258)]"
207LC0200X,"[(1255393286, 0.0009935143392964729)]"
2085B0100X,"[(1265475883, 0.008733510949215055), (1306849492, 0.0011627284187372036), (1427099936, 0.016282846759606614), (1467490797, 0.006345802612679733), (1487693529, 0.011188049216883631), (1659310266, 0.005825330285112995), (1952340432, 0.008207038237705052), (1952340598, 0.013990651309669573), (1427213271, 3.870708377494583e-05), (1194721035, 2.190203377304268e-05), (1659429603, 1.987480378679009e-05), (1770554271, 2.700172774469859e-05), (1720059827, 0.0005052102850588271), (1740338631, 0.0021119156217879295), (1528095999, 0.00021882881689393592), (1821029216, 0.00019734596080076008), (1316030562, 0.00017559931185732322)]"
2085D0003X,"[(1265475883, 0.008733510949215055), (1306849492, 0.0011627284187372036), (1427099936, 0.016282846759606614), (1467490797, 0.006345802612679733), (1487693529, 0.011188049216883631), (1659310266, 0.005825330285112995), (1952340432, 0.008207038237705052), (1952340598, 0.013990651309669573), (1952511214, 0.0007426645033015017)]"
2085R0202X,"[(1265475883, 0.008733510949215055), (1306849492, 0.0011627284187372036), (1427099936, 0.016282846759606614), (1467490797, 0.006345802612679733), (1487693529, 0.011188049216883631), (1659310266, 0.005825330285112995), (1952340432, 0.008207038237705052), (1952340598, 0.013990651309669573), (1306009295, 0.00033204925026607415), (1346286242, 0.0003145567127331825), (1366645103, 0.00020963943034306188), (1730208448, 0.00033204925026607415), (1922174960, 0.00027957705806843194), (1932137577, 0.00026208994093657303), (1144249657, 0.006585079892469759), (1265428908, 0.0004963641905733612), (1477538783, 0.00034715139094351825), (1558652990, 0.003034355855942497), (1689655888, 0.0011459595047421855), (1952381386, 0.026548809875203153), (1033220439, 3.012839574042952e-05), (1174721377, 2.0615591927934086e-05), (1386825362, 3.119440794353917e-05), (1518058155, 3.119440794353917e-05), (1548451727, 2.4825436730045076e-05), (1740208990, 2.6941199933166094e-05), (1750437356, 5.1791931868030724e-05), (1912978529, 1.1534613397715268e-05), (1023058351, 0.00036648325122686014), (1245479054, 0.0006081608652742277), (1588662183, 0.0009741463430062459), (1689712655, 0.0004795392657676713), (1881635191, 0.0009664791857454055), (1033153440, 3.831139449955428e-05), (1316986037, 7.938629012564451e-05), (1376595397, 4.690453693682461e-05), (1669411427, 7.720819231064673e-05), (1780611343, 0.00030632041336390225), (1831138502, 6.85138690540982e-05), (1467401240, 1.69550144304762e-05), (1164409769, 1.890816560261439e-06), (1053378794, 4.4678558912704124e-05), (1194721035, 2.190203377304268e-05), (1295760734, 2.4956429755003464e-05), (1295803302, 2.59781753496789e-05), (1306016464, 2.905425293577073e-05), (1366529026, 2.190203377304268e-05), (1396894986, 1.8863898994180177e-05), (1508845579, 1.4838347827183056e-05), (1558459891, 7.16224690463866e-05), (1659429603, 1.987480378679009e-05), (1801905773, 2.8027086940062535e-05), (1851342539, 2.190203377304268e-05), (1932171733, 8.833085522987218e-05), (1932275906, 1.8863898994180177e-05), (1972679959, 9.28550832918833e-05), (1992901250, 6.396434578726753e-05), (1245421692, 1.092210808101328e-05), (1518917970, 5.729363891628307e-06), (1740239920, 8.726845662745103e-06), (1811953110, 1.8250490277306065e-05), (1063413169, 0.0001556197136505664), (1104827526, 0.00011749983998750301), (1255332672, 0.00018581947800459396), (1295736551, 7.168751385877973e-05), (1508885328, 8.510752341572367e-05), (1568518157, 0.00010397142240990385), (1629233986, 0.0001556197136505664), (1780642777, 9.048817484091103e-05), (1841291143, 0.00029182806780264376), (1861411548, 0.00018857575192975288), (1952302374, 0.00014196482004886948), (1972605897, 0.0001283550964557789), (1306043096, 0.009174010679944437), (1326035072, 0.0002442008107281177), (1477540961, 0.0002442008107281177), (1487604088, 0.0005665114071386647), (1679700140, 0.0013056020593592327), (1730340191, 0.00016701430002160201), (1942297635, 0.0003085725899930144), (1023033412, 0.0016965466770467708), (1083713002, 0.0021439176694853504), (1215088182, 0.0013142132697999455), (1225003494, 0.0005368473590867084), (1295042455, 0.002881959474106079), (1295774552, 0.0004261492189951482), (1457379919, 0.0009329205795514104), (1528038692, 0.00025237387208534905), (1619974201, 0.0009170559691286913), (1699880682, 0.00034713332294007573), (1720059827, 0.0005052102850588271), (1720280530, 0.00026816259689360953), (1740338631, 0.0021119156217879295), (1780684639, 0.0034460741605880914), (1821112699, 0.0005368473590867084), (1952511214, 0.0007426645033015017), (1083665541, 9.886811483755943e-05), (1023104007, 9.569718023339428e-05), (1346272010, 0.00027266243315097327), (1356516975, 0.00020271396462353766), (1366474033, 0.00021345539267012556), (1477589091, 0.00010103085484963104), (1508892621, 0.0008209359976147416), (1518917582, 0.00033750127030485953), (1528095999, 0.00021882881689393592), (1548235823, 0.00025649337687024736), (1659535102, 0.00035917203363383774), (1689785024, 0.00047341782620133994), (1740424134, 0.000170533043692036), (1780616318, 0.00021345539267012556), (1790728020, 0.0005062058320485108), (1821029216, 0.00019734596080076008), (1982655809, 0.000704299808191792), (1265476097, 2.659610106741365e-05), (1336137264, 2.3170407614708737e-05), (1558388330, 2.4024120777368584e-05), (1568437085, 2.9184342560556995e-05), (1639111966, 1.724500588572891e-05), (1720034325, 2.4879640740372686e-05), (1205823192, 0.00021918656336209814), (1326012998, 0.00022267007442581917), (1336112242, 0.00038843316520902554), (1447247382, 0.00028216620296174743), (1457493652, 0.0002471052422815054), (1609815463, 0.00012924946262618447), (1609849546, 0.00021222496163568884), (1619940533, 0.0003068163800583999), (1619975489, 4.731468061497019e-05), (1649267402, 0.0001879162698041003), (1699749242, 0.00021570485909872135), (1841226008, 0.0001361243379360696), (1124015615, 0.00024333264316270383), (1194703108, 0.00026885189122494233), (1376521435, 0.0001335008638362133), (1497729800, 9.995219504411162e-05), (1538156021, 0.00017981909406132758), (1750378212, 0.00014190609903768123), (1811958648, 0.00011251939483856784), (1821076845, 9.995219504411162e-05), (1891938569, 0.0001503185614405262), (1902884067, 9.158309584952873e-05), (1912980806, 0.0001293009564359957), (1912985086, 0.00015452750284246507)]"
2085U0001X,"[(1265475883, 0.008733510949215055), (1306849492, 0.0011627284187372036), (1427099936, 0.016282846759606614), (1467490797, 0.006345802612679733), (1487693529, 0.011188049216883631), (1659310266, 0.005825330285112995), (1952340432, 0.008207038237705052), (1952340598, 0.013990651309669573), (1477538783, 0.00034715139094351825), (1265422992, 0.006904970279819178), (1720059827, 0.0005052102850588271), (1952511214, 0.0007426645033015017), (1548235823, 0.00025649337687024736)]"
2085N0904X,"[(1265475883, 0.008733510949215055), (1306849492, 0.0011627284187372036), (1427099936, 0.016282846759606614), (1467490797, 0.006345802612679733), (1487693529, 0.011188049216883631), (1659310266, 0.005825330285112995), (1952340432, 0.008207038237705052), (1952340598, 0.013990651309669573), (1477538783, 0.00034715139094351825), (1548451727, 2.4825436730045076e-05), (1952511214, 0.0007426645033015017)]"
2085R0204X,"[(1265475883, 0.008733510949215055), (1306849492, 0.0011627284187372036), (1427099936, 0.016282846759606614), (1467490797, 0.006345802612679733), (1487693529, 0.011188049216883631), (1659310266, 0.005825330285112995), (1952340432, 0.008207038237705052), (1952340598, 0.013990651309669573), (1477538783, 0.00034715139094351825), (1669488342, 0.0008205511491414157), (1548451727, 2.4825436730045076e-05), (1023058351, 0.00036648325122686014), (1780611343, 0.00030632041336390225), (1174529135, 4.997700092222794e-05), (1558459891, 7.16224690463866e-05), (1932171733, 8.833085522987218e-05), (1972679959, 9.28550832918833e-05), (1841291143, 0.00029182806780264376), (1477540961, 0.0002442008107281177), (1679700140, 0.0013056020593592327), (1619974201, 0.0009170559691286913), (1346272010, 0.00027266243315097327), (1366474033, 0.00021345539267012556), (1477589091, 0.00010103085484963104), (1508892621, 0.0008209359976147416), (1518917582, 0.00033750127030485953), (1811125834, 0.00036459424146694294), (1336112242, 0.00038843316520902554), (1609849546, 0.00021222496163568884)]"
2085N0700X,"[(1306849492, 0.0011627284187372036), (1356347298, 2.700172774469859e-05), (1932275906, 1.8863898994180177e-05), (1629233986, 0.0001556197136505664), (1811958648, 0.00011251939483856784)]"
390200000X,"[(1316142656, 0.0008244466106836266), (1396894986, 1.8863898994180177e-05), (1023255858, 0.0005277745111580387), (1063665636, 0.00045034950280608155), (1336364264, 0.001097545386117737), (1134303472, 0.0007743557813397106), (1285619924, 0.0006951411372467702), (1679739288, 0.0006634679272120038), (1205174505, 0.0009776903818814993), (1437478138, 0.0021161055917862538)]"
213E00000X,"[(1316908221, 0.0005617432610301793), (1508844770, 0.0007173421964767868), (1558356097, 0.00026208994093657303), (1821098351, 0.00033472873517660233), (1417016692, 0.0004719895505292074), (1679550016, 0.0007220841439802805), (1760559801, 7.938629012564451e-05)]"
314000000X,"[(1326061789, 0.002749117188995346), (1457307563, 0.0018221744083828989), (1679574800, 0.0009935143392964729), (1689817793, 0.002010994078359126), (1861437253, 0.0012191656342903105), (1114937828, 0.0009330542827768852), (1487655809, 0.0017878081624350224), (1528055712, 0.0025999143267673966), (1003000514, 0.00022368278601877332), (1124011770, 0.0006233271473638927), (1285621987, 0.0005097561947249692), (1649367269, 0.0007830094515885134), (1467447797, 0.0012015159051274686), (1467560599, 0.00022420404791809049), (1487694857, 0.0008097934598917295)]"
173000000X,"[(1396715769, 0.0041763087809213), (1801862693, 0.004610427796234951)]"
163W00000X,"[(1407894363, 0.0006742870476733946), (1568626661, 0.0004680064591703003), (1699909051, 0.0004867502059415876), (1295707743, 0.0008694729786625995)]"
363LF0000X,"[(1407973894, 0.0009747218089158907), (1467426254, 0.0025785371684943596), (1770819518, 0.0006742870476733946), (1841298908, 0.000580496041803188), (1427282706, 0.001221227193483104), (1669889580, 0.0004092917717832617), (1932437167, 0.0015229483965707084), (1275879447, 0.00012332767449789315), (1003000712, 0.0006292263504878809), (1003000720, 0.00011423133816474817), (1457383317, 0.000876991978295211), (1780914051, 0.0009029123360338738), (1578822680, 0.0005210279186725956), (1689881310, 0.0002839531285022143), (1447337761, 1.4274626119775919e-05), (1780713214, 0.0040674373159777805)]"
261QF0400X,"[(1457301939, 0.0005429922870575151), (1790101103, 0.0004963641905733612), (1194763714, 0.0005794273193995619), (1720082571, 0.00038587834952225086), (1487741773, 0.001872130631101168), (1649269747, 0.000600143188746602), (1962599266, 0.0020319421215504027)]"
251G00000X,"[(1457317455, 0.0012003514223055973), (1043289333, 0.0001927359097223969), (1346247244, 0.0001558618248966964)]"
315D00000X,"[(1457317455, 0.0012003514223055973)]"
2084N0400X,"[(1508865908, 0.006423021645792445), (1508971920, 0.004884133656584731), (1972546364, 0.0012379816530753679), (1679806707, 0.00038443019904633156), (1447259965, 0.0015689865727424636), (1578659066, 0.001808256625331113)]"
2084P0802X,"[(1518132067, 0.0005617432610301793)]"
2084P0800X,"[(1518132067, 0.0005617432610301793), (1164423364, 0.001472589257375671), (1558523571, 0.00029747160867792), (1598780736, 0.0005843165211311123), (1811221674, 0.00025649337687024736)]"
3416L0300X,"[(1528054681, 0.018149809941723216), (1588600126, 0.0013697443749804091), (1619908472, 0.003509021277781544), (1992736755, 0.0008056703415061427), (1467493551, 0.00016297790805253938), (1720195738, 0.008736184110324377), (1659397164, 1.7169120271270256e-05), (1487933248, 0.0007753874643362794), (1619927811, 9.030388120579715e-05), (1598767501, 5.532061294035809e-05), (1306896790, 7.861388297847607e-06), (1558491316, 0.0014358723641799205), (1720379571, 0.002024324651299029), (1639131436, 4.742850903665817e-06), (1003879529, 0.0019360335456767308), (1205883717, 0.00047358043823232275), (1508994823, 0.00029424647006342727), (1679520571, 8.16258191523469e-05), (1073595781, 0.00017406533836505187), (1386953362, 6.429860385095446e-05), (1568528438, 8.132769709554505e-05), (1225282619, 9.576674204664805e-05), (1285685578, 0.0007653416544222292), (1447200167, 0.000679718289508221), (1972609923, 0.0029137907791709676)]"
207RC0001X,"[(1568409415, 0.004405602585409153), (1568559458, 0.0005070739996139248), (1710144100, 0.0006707746278041655), (1629048012, 1.987480378679009e-05), (1417995259, 0.0011755124345729704), (1275519175, 0.002416226873169022)]"
246RP1900X,"[(1578898631, 0.0013885748481682206)]"
246W00000X,"[(1578898631, 0.0013885748481682206)]"
247100000X,"[(1578898631, 0.0013885748481682206)]"
2471B0102X,"[(1578898631, 0.0013885748481682206)]"
2471C3401X,"[(1578898631, 0.0013885748481682206)]"
2471C3402X,"[(1578898631, 0.0013885748481682206)]"
2471M2300X,"[(1578898631, 0.0013885748481682206)]"
261QR0206X,"[(1578898631, 0.0013885748481682206), (1548375082, 0.00040203746840108333)]"
291U00000X,"[(1578898631, 0.0013885748481682206), (1841271459, 0.0008995697553970045), (1932184322, 0.0024692664006747598), (1124272547, 0.00036703974573289026), (1164539730, 0.0007348762904175963), (1174762256, 0.0004895633940775905), (1548375082, 0.00040203746840108333), (1629026364, 0.00034954359459931007), (1710064811, 0.0011210834776025013), (1881630614, 0.00399190131738574), (1407854771, 4.935817180432106e-05), (1497933162, 2.8196926172422378e-05), (1679518724, 2.905786653645924e-05), (1255314704, 0.0006404836200327532), (1295879674, 0.004599231957901784), (1700819794, 0.0005021992522851284), (1891731626, 0.0023147958120431386), (1205872041, 0.0002065245065495686), (1366479099, 0.013244556595914506), (1821360017, 0.00020238422356071137), (1538144910, 0.002135563024693521), (1750366753, 0.0003601025358111284), (1932166386, 0.00032145236624702653), (1235222001, 1.8577521139615974e-05), (1568454494, 1.3551002581902334e-05), (1659352276, 0.003315222969456726), (1003810375, 0.0004893944582454028), (1174882948, 0.0008060542865792966), (1205090073, 0.0024803755125914033), (1538105366, 0.002576652675735303), (1659390763, 0.0005843165211311123), (1699782722, 0.0005684916603159667), (1720342884, 0.00101227073367017), (1740262880, 0.0015052498837985718), (1750348033, 0.006234000517577834), (1801291414, 0.03705815893457255), (1396746673, 6.283328877176475e-05), (1295726032, 0.0006469519652651813), (1346233277, 0.0007159807724173917), (1619913449, 0.0020489874759980916), (1770688129, 0.0008935386558478859), (1386981835, 3.627513051158042e-05), (1124085576, 0.00019309726979124762), (1346389764, 1.640574712582309e-05), (1063497451, 0.0007020774437683599), (1093749087, 0.00017752536102429758), (1205063112, 0.00012924946262618447), (1225110497, 0.0007506514642232749), (1518155654, 0.00011552139361054527), (1588093165, 6.770080889918406e-05), (1669515391, 9.498349409741409e-05), (1932145778, 0.00018098719048388758), (1093733057, 0.0002475813341722163), (1194062448, 0.007305399695913876), (1245494517, 0.0006860059547062237), (1306171673, 0.0005494796036935578), (1396942926, 0.005625899276714966), (1043658966, 0.001269751526928552), (1255388997, 0.00018508501366465484), (1265418669, 0.0003552892196940367), (1609812445, 0.006727252494558218)]"
261QR0200X,"[(1578898631, 0.0013885748481682206), (1548375082, 0.00040203746840108333), (1821007881, 0.0006957193133569314)]"
207RG0100X,"[(1689659997, 0.002768079558608288), (1750532156, 0.0027870437350215743), (1255449179, 0.0012591013422993487), (1518088111, 0.0012050012229915341), (1275580698, 0.002336081726898791), (1780670836, 0.0016646458101686283), (1912994989, 0.0009011931655063164), (1760401749, 6.429860385095446e-05)]"
261QR0208X,"[(1700865094, 0.0021358981861573805)]"
335V00000X,"[(1700865094, 0.0021358981861573805), (1316083595, 0.00033472873517660233), (1093749087, 0.00017752536102429758)]"
207T00000X,"[(1740268945, 0.0015769789540652694), (1770561979, 0.001633535418441097), (1609856475, 0.0004103424261834452)]"
207RI0200X,"[(1750595575, 0.006326502371402415), (1679606867, 0.0014358723641799205), (1760479786, 0.0010281461848949546), (1003001645, 0.016976380747947172), (1578526489, 0.0001430064404473317)]"
207RH0000X,"[(1780879742, 0.0015204387508925402)]"
207RX0202X,"[(1780879742, 0.0015204387508925402), (1740349695, 0.0005245864119506031)]"
208VP0014X,"[(1801124870, 0.0006180070237502378)]"
207LP2900X,"[(1801124870, 0.0006180070237502378), (1972546364, 0.0012379816530753679), (1003000142, 0.0006352971996445731), (1326018193, 0.0017492582702900265), (1952381147, 0.0001927359097223969), (1003001363, 0.1504959774901297), (1215199609, 6.886619512122766e-05)]"
2085R0001X,"[(1811959349, 0.0024459650000350926), (1144249657, 0.006585079892469759), (1003001462, 0.0023812716103089188)]"
251E00000X,"[(1821055393, 0.004348254742482543), (1366431520, 0.0016237534013773078), (1437259611, 0.00032230788621003063), (1699873158, 0.0007955703275817648), (1790758928, 0.00034715139094351825), (1124011770, 0.0006233271473638927), (1972544955, 7.436790216948e-05), (1891713723, 0.0002442008107281177), (1003001108, 6.586871335011086e-05), (1740242718, 0.0015530496903059742), (1265437982, 1.880879158368044e-05), (1306069737, 0.0003212671692117405), (1912964818, 0.00022615539228988443), (1669558474, 0.00012510285583612236)]"
163WM0705X,"[(1902072036, 0.0004492645191993572)]"
282NC0060X,"[(1912979873, 0.0023324021779977185), (1760452924, 0.02477713824664266), (1740239557, 0.0001675662775267715), (1346209137, 0.0006974140920798413)]"
207X00000X,"[(1942314620, 0.0007681232235522077), (1386608727, 0.0006840645477363233), (1801877568, 9.468356524026799e-05), (1376531954, 9.062910526776281e-06), (1730365214, 0.0009547747331153304), (1952564536, 0.000876991978295211), (1982832473, 0.0008510788477579253), (1508905159, 0.0016805953402075275), (1881613420, 0.0011234368350508917), (1003001785, 0.0007396191413212622), (1740251255, 6.313863802994361e-05)]"
207XX0801X,"[(1942314620, 0.0007681232235522077)]"
207ZP0102X,"[(1003000134, 0.21864914866770332), (1205883485, 0.0003145567127331825), (1336180496, 0.0026214640344733096), (1366483182, 0.00033204925026607415), (1710943220, 0.0002970659820006351), (1144249657, 0.006585079892469759), (1992960926, 0.00026133108479198654), (1033361712, 1.890816560261439e-06), (1285674713, 0.0003343339493013829), (1770543670, 0.00020559942477331073), (1790745123, 0.0005665114071386647), (1235222001, 1.8577521139615974e-05), (1174530612, 0.0005210279186725956), (1700854007, 0.00044195781860719547), (1548387996, 5.519594371660459e-05), (1235225558, 0.00034975137663889925), (1154323533, 0.00022267007442581917), (1306896964, 0.00010524431325243054), (1679523237, 5.070785166147854e-05), (1144431883, 0.0001230358762422962)]"
207N00000X,"[(1013909134, 0.005229056359303612), (1043472970, 0.0030119244296685876), (1053519595, 0.007219120462474904), (1083947238, 0.004582510924115888), (1225060601, 0.009083987756192171), (1245405497, 0.00763798827608271), (1275525495, 0.0135084479167943), (1285895003, 0.005896001473778132), (1346419850, 0.0004720545953416006), (1407083496, 0.003527958352189666), (1437140530, 0.0010332323278640285), (1437355146, 0.006203265036921734), (1437461027, 0.008130922256202506), (1487644217, 0.01481030628584024), (1508866443, 0.0016667688005731266), (1528019692, 0.006058605374159411), (1538119938, 0.004528737835670383), (1548497217, 0.0030296934076541504), (1598712937, 0.004099138531417882), (1598845695, 0.007255505807807484), (1598921249, 0.0005070739996139248), (1609876697, 0.0028698376505964813), (1629211651, 0.0021611382835664316), (1639259641, 0.005751587535862627), (1689783086, 0.0006121755756391592), (1699877175, 0.0016138846578969944), (1699973131, 0.005463106565697713), (1760474928, 0.003171910276351043), (1760659981, 0.0011210834776025013), (1770634131, 0.0019844151418949825), (1811097801, 0.0005421006310876258), (1932299278, 0.0005245864119506031), (1942302864, 0.0027633484519068597), (1962494112, 0.0005946541293007595), (1003925173, 0.0003138629014009891), (1891805057, 0.0003890619317288258), (1811960404, 0.00039876896657832847), (1003001017, 0.0001217060711889255), (1194736074, 0.0011075505430240416), (1497766364, 0.0023200581180457774), (1093762734, 0.0002263559471280966)]"
246RH0600X,"[(1043469745, 0.00033204925026607415)]"
282NC2000X,"[(1164539730, 0.0007348762904175963), (1548375082, 0.00040203746840108333), (1013933175, 0.00028984691122516966)]"
273R00000X,"[(1164539730, 0.0007348762904175963), (1548375082, 0.00040203746840108333), (1164490660, 0.0003720021228783829), (1972689172, 8.853321686842858e-06), (1649367269, 0.0007830094515885134), (1013933175, 0.00028984691122516966), (1164400131, 5.5526588179603e-05), (1669405072, 0.0030942901335619067), (1467537506, 0.0009011931655063164), (1790860856, 0.0010440234429200835), (1376529743, 8.514365942260874e-05)]"
273Y00000X,"[(1164539730, 0.0007348762904175963), (1548375082, 0.00040203746840108333), (1972689172, 8.853321686842858e-06), (1841248713, 2.0120528633608585e-05), (1487694857, 0.0008097934598917295)]"
207ZP0105X,"[(1174762256, 0.0004895633940775905), (1366483182, 0.00033204925026607415), (1710943220, 0.0002970659820006351), (1174882948, 0.0008060542865792966)]"
207Y00000X,"[(1194982983, 0.0006121755756391592), (1245260470, 0.0016054938770982804), (1356344170, 9.892231884788704e-06), (1306847827, 0.0002839531285022143), (1780664219, 0.00026816259689360953), (1497746507, 8.740125645275367e-05)]"
208200000X,"[(1366542789, 0.0005421006310876258), (1750324257, 0.0015610167764239606), (1881637098, 0.0006472238887169914)]"
261QM1200X,"[(1548375082, 0.00040203746840108333), (1144279274, 9.576674204664805e-05)]"
261QR0404X,"[(1548375082, 0.00040203746840108333), (1649367269, 0.0007830094515885134), (1184722779, 0.0013142132697999455)]"
261QX0203X,"[(1548375082, 0.00040203746840108333)]"
261QU0200X,"[(1629026364, 0.00034954359459931007)]"
207ND0101X,"[(1689783086, 0.0006121755756391592), (1932299278, 0.0005245864119506031)]"
3245S0500X,"[(1770531600, 0.0023203435925001695)]"
207W00000X,"[(1912930322, 0.000227121127073888), (1902837115, 0.0009664791857454055), (1295822062, 8.37479061566728e-05), (1053379107, 0.0009547747331153304), (1043261373, 0.0015689865727424636), (1164637153, 0.002079920801291886), (1285888628, 0.00044195781860719547), (1376723759, 0.0011552148395056248), (1720082563, 0.0030590141636406983), (1790054393, 0.0005368473590867084), (1609859990, 0.00015452750284246507)]"
208000000X,"[(1407854771, 4.935817180432106e-05), (1417028630, 0.0009329205795514104), (1437117959, 0.0027211903794743895)]"
251S00000X,"[(1407854771, 4.935817180432106e-05)]"
3416A0800X,"[(1467493551, 0.00016297790805253938), (1487933248, 0.0007753874643362794)]"
261Q00000X,"[(1811971302, 5.8482513542801965e-05), (1144249657, 0.006585079892469759), (1164490660, 0.0003720021228783829), (1265422901, 0.0021168337323249882), (1821007881, 0.0006957193133569314)]"
104100000X,"[(1083762876, 0.0007456303660665941)]"
261QR1300X,"[(1083762876, 0.0007456303660665941), (1477693653, 0.000658304995228299), (1144300476, 0.0016008657580164748), (1437122769, 0.0019040784747882608), (1598840258, 0.002416226873169022)]"
207RC0200X,"[(1144249657, 0.006585079892469759), (1215105267, 0.0012337781320744619), (1801862693, 0.004610427796234951), (1265605836, 0.000253833766763506), (1568464006, 0.0007753874643362794), (1578727343, 0.0003890619317288258), (1699777128, 0.001476387151699292), (1801878806, 0.00031447811691820746), (1932360963, 0.00289400631540139), (1093757445, 0.00023495993036743245), (1174625396, 0.0003537516326010768), (1225155773, 0.00046250294532170367), (1275752677, 0.0003212671692117405), (1558322347, 0.00035917203363383774), (1982817755, 0.00025649337687024736), (1124119144, 0.018835914367048203)]"
207RS0012X,"[(1144249657, 0.006585079892469759), (1801878806, 0.00031447811691820746), (1003854464, 0.01312552639603542)]"
261QR0405X,"[(1164490660, 0.0003720021228783829)]"
275N00000X,"[(1225006703, 0.0025107297583748644), (1346209137, 0.0006974140920798413)]"
341600000X,"[(1265515373, 0.000733149892688662), (1306896790, 7.861388297847607e-06), (1326018490, 0.0006311090364465932), (1205883717, 0.00047358043823232275), (1255646980, 0.0005555097998425043), (1750366068, 0.0005939585111682218), (1942241310, 0.00018125279013449287), (1063693919, 5.749961415552798e-05), (1568528438, 8.132769709554505e-05), (1285685578, 0.0007653416544222292), (1447200167, 0.000679718289508221), (1972609923, 0.0029137907791709676)]"
261QF0050X,"[(1285667493, 0.0004590365988612531)]"
261QM0801X,"[(1821007881, 0.0006957193133569314)]"
261QX0200X,"[(1821007881, 0.0006957193133569314), (1265820179, 0.0015371146146698292)]"
213ES0103X,"[(1821098351, 0.00033472873517660233), (1689716763, 1.0533646006998748e-05), (1346249208, 7.068473966771895e-05), (1063665636, 0.00045034950280608155), (1821118282, 0.0023841633942598968), (1538151808, 0.0010905250633801394)]"
207RB0002X,"[(1902109762, 0.0018257103166566032)]"
207V00000X,"[(1003000423, 8.853321686842858e-06), (1548451727, 2.4825436730045076e-05)]"
2086S0127X,"[(1003000480, 0.0016509719451633167), (1265579528, 3.547652475942031e-05), (1487700068, 2.377026532900095e-05)]"
2086S0102X,"[(1265579528, 3.547652475942031e-05)]"
282NR1301X,"[(1154415024, 1.9802531773019944e-05)]"
333600000X,"[(1629027578, 1.0533646006998748e-05), (1740239557, 0.0001675662775267715), (1154384899, 0.0003945374401720865)]"
207QA0505X,"[(1003000522, 0.04435202221028837), (1336172626, 0.0019388765460184138)]"
207ND0900X,"[(1003925173, 0.0003138629014009891)]"
208100000X,"[(1033118955, 0.0005248755000056837), (1003001371, 0.0003507722188334026), (1427086198, 2.4768522519201085e-05), (1871880922, 4.20912208197329e-05), (1073584041, 0.0001744501868383779)]"
207NS0135X,"[(1083617856, 0.0003589606379935601)]"
310400000X,"[(1124011770, 0.0006233271473638927)]"
207UN0901X,"[(1275639544, 0.0008211464898548473), (1427154756, 0.0007220841439802805), (1710084199, 0.0005021992522851284), (1205035516, 0.001657746543054096), (1467524520, 0.0004189156938169288), (1730307851, 0.00016517588067132394)]"
282NW0100X,"[(1013933175, 0.00028984691122516966), (1407839921, 0.0002208018428698609)]"
261QA1903X,"[(1568459287, 0.00039001592231059174), (1306892609, 3.080955947021315e-05), (1881905792, 5.519594371660459e-05)]"
207XX0005X,"[(1376531954, 9.062910526776281e-06), (1730365214, 0.0009547747331153304), (1982832473, 0.0008510788477579253)]"
207RE0101X,"[(1316906738, 0.00016931977726086968), (1417065467, 0.0013967723013300994), (1881779296, 0.0005843165211311123), (1003002049, 0.0003504740967766007)]"
2083X0100X,"[(1629233986, 0.0001556197136505664)]"
2083P0901X,"[(1932298791, 0.00010937736903991075)]"
207RA0001X,"[(1003000936, 0.1038758146662875)]"
207PE0004X,"[(1023255858, 0.0005277745111580387), (1891716551, 0.0005684916603159667)]"
213ES0131X,"[(1063665636, 0.00045034950280608155)]"
152W00000X,"[(1225078983, 0.0005277745111580387)]"
207YS0012X,"[(1245260470, 0.0016054938770982804)]"
207YX0602X,"[(1245260470, 0.0016054938770982804)]"
332B00000X,"[(1427320399, 0.0015924352276101873), (1013071653, 7.154206643106731e-05)]"
207RH0005X,"[(1730381252, 0.000876991978295211)]"
207XS0117X,"[(1952564536, 0.000876991978295211)]"
207XS0114X,"[(1982832473, 0.0008510788477579253)]"
225100000X,"[(1003001249, 0.00015662248784162718), (1013071653, 7.154206643106731e-05), (1457546608, 0.00011487817268799098)]"
225X00000X,"[(1013071653, 7.154206643106731e-05)]"
231H00000X,"[(1013071653, 7.154206643106731e-05)]"
235Z00000X,"[(1013071653, 7.154206643106731e-05)]"
207WX0107X,"[(1043261373, 0.0015689865727424636), (1164637153, 0.002079920801291886), (1285888628, 0.00044195781860719547), (1376723759, 0.0011552148395056248), (1790054393, 0.0005368473590867084)]"
207U00000X,"[(1093798720, 0.0002839531285022143), (1740338631, 0.0021119156217879295), (1659535102, 0.00035917203363383774), (1336137264, 2.3170407614708737e-05)]"
3336S0011X,"[(1154384899, 0.0003945374401720865)]"
3336C0003X,"[(1154384899, 0.0003945374401720865)]"
261QH0700X,"[(1174512792, 0.001075783379371374)]"
207ZD0900X,"[(1174530612, 0.0005210279186725956)]"
207SM0001X,"[(1174882948, 0.0008060542865792966)]"
207ZP0007X,"[(1174882948, 0.0008060542865792966)]"
207VF0040X,"[(1205912847, 0.0008377600190202595)]"
207QG0300X,"[(1215121512, 0.0005052102850588271), (1225253099, 0.0004406948651665622)]"
261QM1300X,"[(1265820179, 0.0015371146146698292)]"
2083A0100X,"[(1285619924, 0.0006951411372467702), (1003002510, 0.01569437008068286)]"
163WG0000X,"[(1295707743, 0.0008694729786625995)]"
2085P0229X,"[(1295774552, 0.0004261492189951482), (1699880682, 0.00034713332294007573)]"
261QE0800X,"[(1346208642, 0.0005052102850588271)]"
2086S0129X,"[(1407061039, 0.000457768225019587)]"
2084A0401X,"[(1598780736, 0.0005843165211311123)]"
207ZP0101X,"[(1598784738, 0.0002208018428698609)]"
207RR0500X,"[(1609962026, 0.0008219062493996059)]"
261QS1200X,"[(1790860856, 0.0010440234429200835)]"
2085R0205X,"[(1952511214, 0.0007426645033015017)]"
209800000X,"[(1952511214, 0.0007426645033015017)]"
2081S0010X,"[(1245462837, 1.8155633259232746e-05)]"
163WD1100X,"[(1578554630, 0.00026469715383333105)]"
2472R0900X,"[(1578554630, 0.00026469715383333105)]"
2081N0008X,"[(1871880922, 4.20912208197329e-05)]"
101YA0400X,"[(1437100898, 0.0004461441750048312)]"
261QI0500X,"[(1811946734, 0.0001544669750309326)]"
261QM0850X,"[(1972541498, 0.00018125279013449287)]"
208VP0000X,"[(1619948429, 0.00010418010784966515), (1003012618, 0.0005752662582067458)]"
207QH0002X,"[(1003001884, 0.0005130545087534043)]"
207RA0000X,"[(1780796276, 2.4024120777368584e-05), (1922100346, 8.533879385978814e-05)]"
111N00000X,"[(1003002098, 7.870422299568876e-06)]"
111NN1001X,"[(1003002098, 7.870422299568876e-06)]"
261QS0132X,"[(1053378265, 0.00012090656203659326)]"
332H00000X,"[(1639101751, 0.00010413945484191943)]"
343900000X,"[(1447200167, 0.000679718289508221), (1972609923, 0.0029137907791709676)]"
282E00000X,"[(1558436006, 0.0005183845697689525)]"
103TC0700X,"[(1932413150, 0.001862571753879894)]"
261QR0400X,"[(1497790042, 0.00026986098921720795)]"
284300000X,"[(1780684431, 0.0005464450825153837)]"
251C00000X,"[(1780713214, 0.0040674373159777805)]"
